Gender,year1_rate
F,0.209977897063467
M,0.3114081524616199
