Race,Gender,year1_rate
BLACK,F,0.2245841035120148
BLACK,M,0.31834362513621506
WHITE,F,0.20239808153477218
WHITE,M,0.30068516230484105
