Race,year1_rate
BLACK,0.3115107429110258
WHITE,0.28203494721514377
